date;site;produit;debut_compteur;sorti;entre;fin_compteur;code
01/11/2021;MORONI T101;GASOIL;56665;11;0;56654;1
01/11/2021;MORONI T102;GASOIL;409786;-113;0;409899;2
01/11/2021;MORONI T103;GASOIL;2572685;131436;0;2441249;3
01/11/2021;MORONI T104;ESSENCE;1391426;49688;0;1341738;4
01/11/2021;MORONI T106;JET A1;863677;53853;0;809824;5
01/11/2021;MORONI T107;JET A1;47796;0;0;47796;6
01/11/2021;ANJOUAN T03;PETROLE;4286;0;3;4289;7
01/11/2021;ANJOUAN T05;PETROLE;11160;123;0;11037;8
01/11/2021;ANJOUAN T06;PETROLE;12507;0;0;12507;9
01/11/2021;ANJOUAN T07;ESSENCE;486698;-28;0;486726;10
01/11/2021;ANJOUAN T08;ESSENCE;1058347;35278;0;1023069;11
01/11/2021;ANJOUAN T09;GASOIL;1291542;5034;0;1286508;12
01/11/2021;ANJOUAN T10;PETROLE;1204854;53893;0;1150961;13
01/11/2021;ANJOUAN T11;GASOIL;1623180;39250;0;1583930;14
01/11/2021;MOHELI TANK1;ESSENCE;3337;3;0;3334;15
01/11/2021;MOHELI TANK2;ESSENCE;13914;6;0;13908;16
01/11/2021;MOHELI TANK3;ESSENCE;21249;0;0;21249;17
01/11/2021;MOHELI TANK4;ESSENCE;16704;10051;0;6653;18
01/11/2021;MOHELI TANK5;Petrole ;0;0;0;0;19
01/11/2021;MOHELI TANK6;PETROLE;0;0;0;0;20
01/11/2021;MOHELI TANK7;PETROLE;0;0;0;0;21
01/11/2021;MOHELI TANK8;PETROLE;7580;3372;0;4208;22
01/11/2021;MOHELI TANK9;PETROLE;8975;11;0;8964;23
01/11/2021;MOHELI TANK10;GASOIL;0;0;0;0;24
01/11/2021;MOHELI TANK11;GASOIL;0;0;0;0;25
01/11/2021;MOHELI TANK12;ESSENCE;2812;2;0;2810;26
01/11/2021;MOHELI TANK13;GASOIL;0;0;0;0;27
01/11/2021;MOHELI TANK14;GASOIL;0;0;0;0;28
01/11/2021;AEROPORT T305;JET A1;3788;-24;0;3812;29
01/11/2021;AEROPORT T306;JET A1;7894;-5;0;7899;30
01/11/2021;AEROPORT T307;JET A1;5021;0;13648;18669;31
01/11/2021;AEROPORT T308;JET A1;19841;8630;1679;12890;32
02/11/2021;MORONI T101;GASOIL;56654;0;0;56654;33
02/11/2021;MORONI T102;GASOIL;409899;-91;0;409990;34
02/11/2021;MORONI T103;GASOIL;2441249;131739;0;2309510;35
02/11/2021;MORONI T104;ESSENCE;1341738;32033;0;1309705;36
02/11/2021;MORONI T106;JET A1;809824;13963;0;795861;37
02/11/2021;MORONI T107;JET A1;47796;0;0;47796;38
02/11/2021;ANJOUAN T03;PETROLE;4289;0;0;4289;39
02/11/2021;ANJOUAN T05;PETROLE;11037;132;0;10905;40
02/11/2021;ANJOUAN T06;PETROLE;12507;0;0;12507;41
02/11/2021;ANJOUAN T07;ESSENCE;486726;-87;0;486813;42
02/11/2021;ANJOUAN T08;ESSENCE;1023069;21663;0;1001406;43
02/11/2021;ANJOUAN T09;GASOIL;1286508;5573;0;1280935;44
02/11/2021;ANJOUAN T10;PETROLE;1150961;54671;0;1096290;45
02/11/2021;ANJOUAN T11;GASOIL;1583930;23306;0;1560624;46
02/11/2021;MOHELI TANK1;ESSENCE;3334;0;0;3334;47
02/11/2021;MOHELI TANK2;ESSENCE;13908;15;0;13893;48
02/11/2021;MOHELI TANK3;ESSENCE;21249;109;0;21140;49
02/11/2021;MOHELI TANK4;ESSENCE;6653;5485;0;1168;50
02/11/2021;MOHELI TANK5;Petrole ;0;0;0;0;51
02/11/2021;MOHELI TANK6;PETROLE;0;0;0;0;52
02/11/2021;MOHELI TANK7;PETROLE;0;0;0;0;53
02/11/2021;MOHELI TANK8;PETROLE;4208;8;0;4200;54
02/11/2021;MOHELI TANK9;PETROLE;8964;4346;0;4618;55
02/11/2021;MOHELI TANK10;GASOIL;0;0;0;0;56
02/11/2021;MOHELI TANK11;GASOIL;0;0;0;0;57
02/11/2021;MOHELI TANK12;ESSENCE;2810;-3;0;2813;58
02/11/2021;MOHELI TANK13;GASOIL;0;0;0;0;59
02/11/2021;MOHELI TANK14;GASOIL;0;0;0;0;60
02/11/2021;AEROPORT T305;JET A1;3812;-95;0;3907;61
02/11/2021;AEROPORT T306;JET A1;7899;-21;0;7920;62
02/11/2021;AEROPORT T307;JET A1;18669;0;13918;32587;63
02/11/2021;AEROPORT T308;JET A1;12890;9943;939;3886;64
03/11/2021;MORONI T101;GASOIL;56654;0;0;56654;65
03/11/2021;MORONI T102;GASOIL;409990;-45;0;410035;66
03/11/2021;MORONI T103;GASOIL;2309510;140220;0;2169290;67
03/11/2021;MORONI T104;ESSENCE;1309705;30278;0;1279427;68
03/11/2021;MORONI T106;JET A1;795861;13928;0;781933;69
03/11/2021;MORONI T107;JET A1;47796;0;0;47796;70
03/11/2021;ANJOUAN T03;PETROLE;4289;0;6;4295;71
03/11/2021;ANJOUAN T05;PETROLE;10905;123;0;10782;72
03/11/2021;ANJOUAN T06;PETROLE;12507;-21;0;12528;73
03/11/2021;ANJOUAN T07;ESSENCE;486813;15;0;486798;74
03/11/2021;ANJOUAN T08;ESSENCE;1001406;26475;0;974931;75
03/11/2021;ANJOUAN T09;GASOIL;1280935;5157;0;1275778;76
03/11/2021;ANJOUAN T10;PETROLE;1096290;36481;0;1059809;77
03/11/2021;ANJOUAN T11;GASOIL;1560624;31419;0;1529205;78
03/11/2021;MOHELI TANK1;ESSENCE;3334;-7;0;3341;79
03/11/2021;MOHELI TANK2;ESSENCE;13893;13;0;13880;80
03/11/2021;MOHELI TANK3;ESSENCE;21140;10312;0;10828;81
03/11/2021;MOHELI TANK4;ESSENCE;1168;-1;0;1169;82
03/11/2021;MOHELI TANK5;Petrole ;0;0;0;0;83
03/11/2021;MOHELI TANK6;PETROLE;0;0;0;0;84
03/11/2021;MOHELI TANK7;PETROLE;0;0;0;0;85
03/11/2021;MOHELI TANK8;PETROLE;4200;-3;0;4203;86
03/11/2021;MOHELI TANK9;PETROLE;4618;-12;0;4630;87
03/11/2021;MOHELI TANK10;GASOIL;0;0;0;0;88
03/11/2021;MOHELI TANK11;GASOIL;0;0;0;0;89
03/11/2021;MOHELI TANK12;ESSENCE;2813;-5;0;2818;90
03/11/2021;MOHELI TANK13;GASOIL;0;0;0;0;91
03/11/2021;MOHELI TANK14;GASOIL;0;0;0;0;92
03/11/2021;AEROPORT T305;JET A1;3907;-107;0;4014;93
03/11/2021;AEROPORT T306;JET A1;7920;22;0;7898;94
03/11/2021;AEROPORT T307;JET A1;32587;13629;0;18958;95
03/11/2021;AEROPORT T308;JET A1;3886;6324;34306;31868;96
04/11/2021;MORONI T101;GASOIL;56654;0;0;56654;97
04/11/2021;MORONI T102;GASOIL;410035;-34;0;410069;98
04/11/2021;MORONI T103;GASOIL;2169290;150537;0;2018753;99
04/11/2021;MORONI T104;ESSENCE;1279427;37706;0;1241721;100
04/11/2021;MORONI T106;JET A1;781933;44635;0;737298;101
04/11/2021;MORONI T107;JET A1;47796;0;0;47796;102
04/11/2021;ANJOUAN T03;PETROLE;4295;6;0;4289;103
04/11/2021;ANJOUAN T05;PETROLE;10782;109;0;10673;104
04/11/2021;ANJOUAN T06;PETROLE;12528;14;0;12514;105
04/11/2021;ANJOUAN T07;ESSENCE;486798;113;0;486685;106
04/11/2021;ANJOUAN T08;ESSENCE;974931;143571;0;831360;107
04/11/2021;ANJOUAN T09;GASOIL;1275778;10878;0;1264900;108
04/11/2021;ANJOUAN T10;PETROLE;1059809;219775;0;840034;109
04/11/2021;ANJOUAN T11;GASOIL;1529205;19437;0;1509768;110
04/11/2021;MOHELI TANK1;ESSENCE;3341;2;0;3339;111
04/11/2021;MOHELI TANK2;ESSENCE;13880;21;0;13859;112
04/11/2021;MOHELI TANK3;ESSENCE;10828;7369;0;3459;113
04/11/2021;MOHELI TANK4;ESSENCE;1169;2;0;1167;114
04/11/2021;MOHELI TANK5;Petrole ;0;0;0;2780;115
04/11/2021;MOHELI TANK6;PETROLE;0;0;0;2802;116
04/11/2021;MOHELI TANK7;PETROLE;0;0;0;1908;117
04/11/2021;MOHELI TANK8;PETROLE;4203;31;0;4172;118
04/11/2021;MOHELI TANK9;PETROLE;4630;64;0;4566;119
04/11/2021;MOHELI TANK10;GASOIL;0;0;0;5572;120
04/11/2021;MOHELI TANK11;GASOIL;0;0;0;65730;121
04/11/2021;MOHELI TANK12;ESSENCE;2818;-1;0;2819;122
04/11/2021;MOHELI TANK13;GASOIL;0;0;0;3285;123
04/11/2021;MOHELI TANK14;GASOIL;0;0;0;3315;124
04/11/2021;AEROPORT T305;JET A1;4014;-45;0;4059;125
04/11/2021;AEROPORT T306;JET A1;7898;0;0;7898;126
04/11/2021;AEROPORT T307;JET A1;18958;0;14169;33127;127
04/11/2021;AEROPORT T308;JET A1;31868;494;0;31374;128
05/11/2021;MORONI T101;GASOIL;56654;0;0;56654;129
05/11/2021;MORONI T102;GASOIL;410069;-34;0;410103;130
05/11/2021;MORONI T103;GASOIL;2018753;160250;0;1858503;131
05/11/2021;MORONI T104;ESSENCE;1241721;37862;0;1203859;132
05/11/2021;MORONI T106;JET A1;737298;41875;0;695423;133
05/11/2021;MORONI T107;JET A1;47796;0;0;47796;134
05/11/2021;ANJOUAN T03;PETROLE;4289;0;0;4289;135
05/11/2021;ANJOUAN T05;PETROLE;10673;118;0;10555;136
05/11/2021;ANJOUAN T06;PETROLE;12514;0;0;12514;137
05/11/2021;ANJOUAN T07;ESSENCE;486685;56;0;486629;138
05/11/2021;ANJOUAN T08;ESSENCE;831360;15523;0;815837;139
05/11/2021;ANJOUAN T09;GASOIL;1264900;3839;0;1261061;140
05/11/2021;ANJOUAN T10;PETROLE;840034;25044;0;814990;141
05/11/2021;ANJOUAN T11;GASOIL;1509768;22589;0;1487179;142
05/11/2021;MOHELI TANK1;ESSENCE;3339;127;10991;14203;143
05/11/2021;MOHELI TANK2;ESSENCE;13859;-20;7342;21221;144
05/11/2021;MOHELI TANK3;ESSENCE;3459;1417;19178;21220;145
05/11/2021;MOHELI TANK4;ESSENCE;1167;-9;20051;21227;146
05/11/2021;MOHELI TANK5;Petrole ;2780;-26;0;2806;147
05/11/2021;MOHELI TANK6;PETROLE;2802;-37;0;2839;148
05/11/2021;MOHELI TANK7;PETROLE;1908;-16;0;1924;149
05/11/2021;MOHELI TANK8;PETROLE;4172;2775;0;1397;150
05/11/2021;MOHELI TANK9;PETROLE;4566;2822;0;1744;151
05/11/2021;MOHELI TANK10;GASOIL;5572;-5;0;5577;152
05/11/2021;MOHELI TANK11;GASOIL;65730;12;0;65718;153
05/11/2021;MOHELI TANK12;ESSENCE;2819;0;46396;49215;154
05/11/2021;MOHELI TANK13;GASOIL;3285;-28;0;3313;155
05/11/2021;MOHELI TANK14;GASOIL;3315;-25;0;3340;156
05/11/2021;AEROPORT T305;JET A1;4059;-30;0;4089;157
05/11/2021;AEROPORT T306;JET A1;7898;-17;0;7915;158
05/11/2021;AEROPORT T307;JET A1;33127;28375;0;4752;159
05/11/2021;AEROPORT T308;JET A1;31374;10379;28462;49457;160
06/11/2021;MORONI T101;GASOIL;56654;0;5666;62320;161
06/11/2021;MORONI T102;GASOIL;410103;-46;0;410149;162
06/11/2021;MORONI T103;GASOIL;1858503;200742;0;1657761;163
06/11/2021;MORONI T104;ESSENCE;1203859;50274;0;1153585;164
06/11/2021;MORONI T106;JET A1;695423;57659;0;637764;165
06/11/2021;MORONI T107;JET A1;47796;0;0;47796;166
06/11/2021;ANJOUAN T03;PETROLE;4289;0;0;4289;167
06/11/2021;ANJOUAN T05;PETROLE;10555;96;0;10459;168
06/11/2021;ANJOUAN T06;PETROLE;12514;-7;0;12521;169
06/11/2021;ANJOUAN T07;ESSENCE;486629;64;0;486565;170
06/11/2021;ANJOUAN T08;ESSENCE;815837;18289;0;797548;171
06/11/2021;ANJOUAN T09;GASOIL;1261061;5574;0;1255487;172
06/11/2021;ANJOUAN T10;PETROLE;814990;45489;0;769501;173
06/11/2021;ANJOUAN T11;GASOIL;1487179;39843;0;1447336;174
06/11/2021;MOHELI TANK1;ESSENCE;14203;19;2299;16483;175
06/11/2021;MOHELI TANK2;ESSENCE;21221;-2;0;21223;176
06/11/2021;MOHELI TANK3;ESSENCE;21220;-13;0;21233;177
06/11/2021;MOHELI TANK4;ESSENCE;21227;3;0;21224;178
06/11/2021;MOHELI TANK5;Petrole ;2806;-91;37656;40553;179
06/11/2021;MOHELI TANK6;PETROLE;2839;0;46245;49084;180
06/11/2021;MOHELI TANK7;PETROLE;1924;-15;27471;29410;181
06/11/2021;MOHELI TANK8;PETROLE;1397;0;13074;14471;182
06/11/2021;MOHELI TANK9;PETROLE;1744;0;12977;14721;183
06/11/2021;MOHELI TANK10;GASOIL;5577;8;0;5569;184
06/11/2021;MOHELI TANK11;GASOIL;65718;15802;0;49916;185
06/11/2021;MOHELI TANK12;ESSENCE;49215;-8;0;49223;186
06/11/2021;MOHELI TANK13;GASOIL;3313;-5;0;3318;187
06/11/2021;MOHELI TANK14;GASOIL;3340;0;0;3340;188
06/11/2021;AEROPORT T305;JET A1;4089;-33;0;4122;189
06/11/2021;AEROPORT T306;JET A1;7915;-10;0;7925;190
06/11/2021;AEROPORT T307;JET A1;4752;-21;0;4773;191
06/11/2021;AEROPORT T308;JET A1;49457;3256;0;46201;192
07/11/2021;MORONI T101;GASOIL;62320;91;0;62229;193
07/11/2021;MORONI T102;GASOIL;410149;-113;0;410262;194
07/11/2021;MORONI T103;GASOIL;1657761;-76;0;1657837;195
07/11/2021;MORONI T104;ESSENCE;1153585;196;0;1153389;196
07/11/2021;MORONI T106;JET A1;637764;0;58;637822;197
07/11/2021;MORONI T107;JET A1;47796;0;0;47796;198
07/11/2021;ANJOUAN T03;PETROLE;4289;0;0;4289;199
07/11/2021;ANJOUAN T05;PETROLE;10459;110;0;10349;200
07/11/2021;ANJOUAN T06;PETROLE;12521;14;0;12507;201
07/11/2021;ANJOUAN T07;ESSENCE;486565;106;0;486459;202
07/11/2021;ANJOUAN T08;ESSENCE;797548;283;0;797265;203
07/11/2021;ANJOUAN T09;GASOIL;1255487;34;0;1255453;204
07/11/2021;ANJOUAN T10;PETROLE;769501;192;0;769309;205
07/11/2021;ANJOUAN T11;GASOIL;1447336;-344;0;1447680;206
07/11/2021;MOHELI TANK1;ESSENCE;16483;68;0;16415;207
07/11/2021;MOHELI TANK2;ESSENCE;21223;8;0;21215;208
07/11/2021;MOHELI TANK3;ESSENCE;21233;6;0;21227;209
07/11/2021;MOHELI TANK4;ESSENCE;21224;31;0;21193;210
07/11/2021;MOHELI TANK5;Petrole ;40553;-80;1200;41833;211
07/11/2021;MOHELI TANK6;PETROLE;49084;-28;0;49112;212
07/11/2021;MOHELI TANK7;PETROLE;29410;-1;0;29411;213
07/11/2021;MOHELI TANK8;PETROLE;14471;-11;0;14482;214
07/11/2021;MOHELI TANK9;PETROLE;14721;-2;0;14723;215
07/11/2021;MOHELI TANK10;GASOIL;5569;-1;0;5570;216
07/11/2021;MOHELI TANK11;GASOIL;49916;51;0;49865;217
07/11/2021;MOHELI TANK12;ESSENCE;49223;17;0;49206;218
07/11/2021;MOHELI TANK13;GASOIL;3318;6;0;3312;219
07/11/2021;MOHELI TANK14;GASOIL;3340;-3;0;3343;220
07/11/2021;AEROPORT T305;JET A1;4122;-33;0;4155;221
07/11/2021;AEROPORT T306;JET A1;7925;-17;0;7942;222
07/11/2021;AEROPORT T307;JET A1;4773;-28;0;4801;223
07/11/2021;AEROPORT T308;JET A1;46201;3820;0;42381;224
08/11/2021;MORONI T101;GASOIL;62229;102;0;62127;225
08/11/2021;MORONI T102;GASOIL;410262;68;0;410194;226
08/11/2021;MORONI T103;GASOIL;1657837;145076;0;1512761;227
08/11/2021;MORONI T104;ESSENCE;1153389;28083;0;1125306;228
08/11/2021;MORONI T106;JET A1;637822;47044;0;590778;229
08/11/2021;MORONI T107;JET A1;47796;0;0;47796;230
08/11/2021;ANJOUAN T03;PETROLE;4289;0;3;4292;231
08/11/2021;ANJOUAN T05;PETROLE;10349;95;0;10254;232
08/11/2021;ANJOUAN T06;PETROLE;12507;-13;0;12520;233
08/11/2021;ANJOUAN T07;ESSENCE;486459;-56;0;486515;234
08/11/2021;ANJOUAN T08;ESSENCE;797265;45938;0;751327;235
08/11/2021;ANJOUAN T09;GASOIL;1255453;5540;0;1249913;236
08/11/2021;ANJOUAN T10;PETROLE;769309;52830;0;716479;237
08/11/2021;ANJOUAN T11;GASOIL;1447680;32136;0;1415544;238
08/11/2021;MOHELI TANK1;ESSENCE;16415;77;0;16338;239
08/11/2021;MOHELI TANK2;ESSENCE;21215;-16;0;21231;240
08/11/2021;MOHELI TANK3;ESSENCE;21227;12;0;21215;241
08/11/2021;MOHELI TANK4;ESSENCE;21193;14276;0;6917;242
08/11/2021;MOHELI TANK5;Petrole ;41833;-5;0;41838;243
08/11/2021;MOHELI TANK6;PETROLE;49112;-13;0;49125;244
08/11/2021;MOHELI TANK7;PETROLE;29411;15523;0;13888;245
08/11/2021;MOHELI TANK8;PETROLE;14482;-32;0;14514;246
08/11/2021;MOHELI TANK9;PETROLE;14723;5;0;14718;247
08/11/2021;MOHELI TANK10;GASOIL;5570;-2;0;5572;248
08/11/2021;MOHELI TANK11;GASOIL;49865;23696;0;26169;249
08/11/2021;MOHELI TANK12;ESSENCE;49206;22;0;49184;250
08/11/2021;MOHELI TANK13;GASOIL;3312;7;0;3305;251
08/11/2021;MOHELI TANK14;GASOIL;3343;5;0;3338;252
08/11/2021;AEROPORT T305;JET A1;4155;-34;0;4189;253
08/11/2021;AEROPORT T306;JET A1;7942;-16;0;7958;254
08/11/2021;AEROPORT T307;JET A1;4801;-25;0;4826;255
08/11/2021;AEROPORT T308;JET A1;42381;8;0;42373;256
09/11/2021;MORONI T101;GASOIL;62127;34;0;62093;257
09/11/2021;MORONI T102;GASOIL;410194;-57;0;410251;258
09/11/2021;MORONI T103;GASOIL;1512761;157105;0;1355656;259
09/11/2021;MORONI T104;ESSENCE;1125306;45154;0;1080152;260
09/11/2021;MORONI T106;JET A1;590778;42918;0;547860;261
09/11/2021;MORONI T107;JET A1;47796;0;0;47796;262
09/11/2021;ANJOUAN T03;PETROLE;4292;0;0;4292;263
09/11/2021;ANJOUAN T05;PETROLE;10254;91;0;10163;264
09/11/2021;ANJOUAN T06;PETROLE;12520;6;0;12514;265
09/11/2021;ANJOUAN T07;ESSENCE;486515;129;0;486386;266
09/11/2021;ANJOUAN T08;ESSENCE;751327;41369;0;709958;267
09/11/2021;ANJOUAN T09;GASOIL;1249913;12273;0;1237640;268
09/11/2021;ANJOUAN T10;PETROLE;716479;46455;0;670024;269
09/11/2021;ANJOUAN T11;GASOIL;1415544;298990;0;1116554;270
09/11/2021;MOHELI TANK1;ESSENCE;16338;14;0;16324;271
09/11/2021;MOHELI TANK2;ESSENCE;21231;33;0;21198;272
09/11/2021;MOHELI TANK3;ESSENCE;21215;9906;0;11309;273
09/11/2021;MOHELI TANK4;ESSENCE;6917;5753;0;1164;274
09/11/2021;MOHELI TANK5;Petrole ;41838;-5;0;41843;275
09/11/2021;MOHELI TANK6;PETROLE;49125;29;0;49096;276
09/11/2021;MOHELI TANK7;PETROLE;13888;6153;0;7735;277
09/11/2021;MOHELI TANK8;PETROLE;14514;48;0;14466;278
09/11/2021;MOHELI TANK9;PETROLE;14718;0;0;14718;279
09/11/2021;MOHELI TANK10;GASOIL;5572;-2;0;5574;280
09/11/2021;MOHELI TANK11;GASOIL;26169;4788;0;21381;281
09/11/2021;MOHELI TANK12;ESSENCE;49184;7;0;49177;282
09/11/2021;MOHELI TANK13;GASOIL;3305;-1;0;3306;283
09/11/2021;MOHELI TANK14;GASOIL;3338;6;0;3332;284
09/11/2021;AEROPORT T305;JET A1;4189;-32;0;4221;285
09/11/2021;AEROPORT T306;JET A1;7958;-10;0;7968;286
09/11/2021;AEROPORT T307;JET A1;4826;-20;0;4846;287
09/11/2021;AEROPORT T308;JET A1;42373;9454;0;32919;288
10/11/2021;MORONI T101;GASOIL;62093;0;2029;64122;289
10/11/2021;MORONI T102;GASOIL;410251;-102;0;410353;290
10/11/2021;MORONI T103;GASOIL;1355656;141050;0;1214606;291
10/11/2021;MORONI T104;ESSENCE;1080152;35400;0;1044752;292
10/11/2021;MORONI T106;JET A1;547860;65729;0;482131;293
10/11/2021;MORONI T107;JET A1;47796;0;0;47796;294
10/11/2021;ANJOUAN T03;PETROLE;4292;3;0;4289;295
10/11/2021;ANJOUAN T05;PETROLE;10163;105;0;10058;296
10/11/2021;ANJOUAN T06;PETROLE;12514;0;0;12514;297
10/11/2021;ANJOUAN T07;ESSENCE;486386;248;0;486138;298
10/11/2021;ANJOUAN T08;ESSENCE;709958;14320;0;695638;299
10/11/2021;ANJOUAN T09;GASOIL;1237640;4977;0;1232663;300
10/11/2021;ANJOUAN T10;PETROLE;670024;30338;0;639686;301
10/11/2021;ANJOUAN T11;GASOIL;1116554;44772;0;1071782;302
10/11/2021;MOHELI TANK1;ESSENCE;16324;13000;0;3324;303
10/11/2021;MOHELI TANK2;ESSENCE;21198;18;0;21180;304
10/11/2021;MOHELI TANK3;ESSENCE;11309;8387;0;2922;305
10/11/2021;MOHELI TANK4;ESSENCE;1164;-7;16350;17521;306
10/11/2021;MOHELI TANK5;Petrole ;41843;21;0;41822;307
10/11/2021;MOHELI TANK6;PETROLE;49096;45;0;49051;308
10/11/2021;MOHELI TANK7;PETROLE;7735;5816;0;1919;309
10/11/2021;MOHELI TANK8;PETROLE;14466;13071;0;1395;310
10/11/2021;MOHELI TANK9;PETROLE;14718;2844;0;11874;311
10/11/2021;MOHELI TANK10;GASOIL;5574;3;0;5571;312
10/11/2021;MOHELI TANK11;GASOIL;21381;15540;0;5841;313
10/11/2021;MOHELI TANK12;ESSENCE;49177;71;0;49106;314
10/11/2021;MOHELI TANK13;GASOIL;3306;4;0;3302;315
10/11/2021;MOHELI TANK14;GASOIL;3332;-5;0;3337;316
10/11/2021;AEROPORT T305;JET A1;4221;-36;0;4257;317
10/11/2021;AEROPORT T306;JET A1;7968;-26;0;7994;318
10/11/2021;AEROPORT T307;JET A1;4846;0;20215;25061;319
10/11/2021;AEROPORT T308;JET A1;32919;4565;0;28354;320
11/11/2021;MORONI T101;GASOIL;64122;23;0;64099;321
11/11/2021;MORONI T102;GASOIL;410353;-22;0;410375;322
11/11/2021;MORONI T103;GASOIL;1214606;235192;0;979414;323
11/11/2021;MORONI T104;ESSENCE;1044752;53798;0;990954;324
11/11/2021;MORONI T106;JET A1;482131;63886;0;418245;325
11/11/2021;MORONI T107;JET A1;47796;0;0;47796;326
11/11/2021;ANJOUAN T03;PETROLE;4289;0;0;4289;327
11/11/2021;ANJOUAN T05;PETROLE;10058;95;0;9963;328
11/11/2021;ANJOUAN T06;PETROLE;12514;0;0;12514;329
11/11/2021;ANJOUAN T07;ESSENCE;486138;304;0;485834;330
11/11/2021;ANJOUAN T08;ESSENCE;695638;39535;0;656103;331
11/11/2021;ANJOUAN T09;GASOIL;1232663;6022;0;1226641;332
11/11/2021;ANJOUAN T10;PETROLE;639686;47560;0;592126;333
11/11/2021;ANJOUAN T11;GASOIL;1071782;54101;0;1017681;334
11/11/2021;MOHELI TANK1;ESSENCE;3324;12;45536;48848;335
11/11/2021;MOHELI TANK2;ESSENCE;21180;10;0;21170;336
11/11/2021;MOHELI TANK3;ESSENCE;2922;11;0;2911;337
11/11/2021;MOHELI TANK4;ESSENCE;17521;-2;0;17523;338
11/11/2021;MOHELI TANK5;Petrole ;41822;22;1725;43525;339
11/11/2021;MOHELI TANK6;PETROLE;49051;7108;0;41943;340
11/11/2021;MOHELI TANK7;PETROLE;1919;-3;27521;29443;341
11/11/2021;MOHELI TANK8;PETROLE;1395;-2;13078;14475;342
11/11/2021;MOHELI TANK9;PETROLE;11874;9734;8858;10998;343
11/11/2021;MOHELI TANK10;GASOIL;5571;3571;27641;29641;344
11/11/2021;MOHELI TANK11;GASOIL;5841;2908;74112;77045;345
11/11/2021;MOHELI TANK12;ESSENCE;49106;-2;0;49108;346
11/11/2021;MOHELI TANK13;GASOIL;3302;59;45141;48384;347
11/11/2021;MOHELI TANK14;GASOIL;3337;74;43469;46732;348
11/11/2021;AEROPORT T305;JET A1;4257;-34;0;4291;349
11/11/2021;AEROPORT T306;JET A1;7994;-36;0;8030;350
11/11/2021;AEROPORT T307;JET A1;25061;2;0;25059;351
11/11/2021;AEROPORT T308;JET A1;28354;6159;0;22195;352
12/11/2021;MORONI T101;GASOIL;64 099;79;0;64 020;353
12/11/2021;MORONI T102;GASOIL;410 375;102;0;410 273;354
12/11/2021;MORONI T103;GASOIL;979 414;579;0;978 835;355
12/11/2021;MORONI T104;ESSENCE;990 954;886;0;990 068;356
12/11/2021;MORONI T106;JET A1;418 245;175;0;418 070;357
12/11/2021;MORONI T107;JET A1;47 796;0;0;47 796;358
12/11/2021;ANJOUAN T03;PETROLE;4 289;-3;0;4 292;359
12/11/2021;ANJOUAN T05;PETROLE;9 963;105;0;9 858;360
12/11/2021;ANJOUAN T06;PETROLE;12 514;7;0;12 507;361
12/11/2021;ANJOUAN T07;ESSENCE;485 834;137;0;485 697;362
12/11/2021;ANJOUAN T08;ESSENCE;656 103;429;0;655 674;363
12/11/2021;ANJOUAN T09;GASOIL;1 226 641;574;0;1 226 067;364
12/11/2021;ANJOUAN T10;PETROLE;592 126;9865;0;582 261;365
12/11/2021;ANJOUAN T11;GASOIL;1017681;2371;0;1 015 310;366
12/11/2021;MOHELI TANK1;ESSENCE;48848;-41;0;48 889;367
12/11/2021;MOHELI TANK2;ESSENCE;21170;11;0;21 159;368
12/11/2021;MOHELI TANK3;ESSENCE;2911;-1;0;2 912;369
12/11/2021;MOHELI TANK4;ESSENCE;17523;7;0;17 516;370
12/11/2021;MOHELI TANK5;Petrole ;43525;-47;0;43 572;371
12/11/2021;MOHELI TANK6;PETROLE;41943;-1654;0;43 597;372
12/11/2021;MOHELI TANK7;PETROLE;29443;-18;0;29 461;373
12/11/2021;MOHELI TANK8;PETROLE;14475;-10;0;14 485;374
12/11/2021;MOHELI TANK9;PETROLE;10998;-39;0;11 037;375
12/11/2021;MOHELI TANK10;GASOIL;29641;-53;0;29 694;376
12/11/2021;MOHELI TANK11;GASOIL;77045;-6;0;77 051;377
12/11/2021;MOHELI TANK12;ESSENCE;49108;6;0;49 102;378
12/11/2021;MOHELI TANK13;GASOIL;48384;-23;0;48 407;379
12/11/2021;MOHELI TANK14;GASOIL;46732;-11;0;46 743;380
12/11/2021;AEROPORT T305;JET A1;4291;-36;0;4 327;381
12/11/2021;AEROPORT T306;JET A1;8030;-37;0;8 067;382
12/11/2021;AEROPORT T307;JET A1;25059;4;0;25 055;383
12/11/2021;AEROPORT T308;JET A1;22195;2314;0;19 881;384
13/11/2021;MORONI T101;GASOIL;64020;0;19788;83808;385
13/11/2021;MORONI T102;GASOIL;410273;79;0;410194;386
13/11/2021;MORONI T103;GASOIL;978835;224598;0;754237;387
13/11/2021;MORONI T104;ESSENCE;990068;60501;0;929567;388
13/11/2021;MORONI T106;JET A1;418070;171666;0;246404;389
13/11/2021;MORONI T107;JET A1;47796;0;0;47796;390
13/11/2021;ANJOUAN T03;PETROLE;4292;3;0;4289;391
13/11/2021;ANJOUAN T05;PETROLE;9858;64;0;9794;392
13/11/2021;ANJOUAN T06;PETROLE;12507;-7;0;12514;393
13/11/2021;ANJOUAN T07;ESSENCE;485697;-41;0;485738;394
13/11/2021;ANJOUAN T08;ESSENCE;655674;44808;0;610866;395
13/11/2021;ANJOUAN T09;GASOIL;1226067;7121;0;1218946;396
13/11/2021;ANJOUAN T10;PETROLE;582261;50678;0;531583;397
13/11/2021;ANJOUAN T11;GASOIL;1015310;60310;0;955000;398
13/11/2021;MOHELI TANK1;ESSENCE;48889;11;0;48878;399
13/11/2021;MOHELI TANK2;ESSENCE;21159;11;0;21148;400
13/11/2021;MOHELI TANK3;ESSENCE;2912;15;0;2897;401
13/11/2021;MOHELI TANK4;ESSENCE;17516;10072;0;7444;402
13/11/2021;MOHELI TANK5;Petrole ;43572;-25;0;43597;403
13/11/2021;MOHELI TANK6;PETROLE;43597;57;0;43540;404
13/11/2021;MOHELI TANK7;PETROLE;29461;8990;0;20471;405
13/11/2021;MOHELI TANK8;PETROLE;14485;9;0;14476;406
13/11/2021;MOHELI TANK9;PETROLE;11037;-34;0;11071;407
13/11/2021;MOHELI TANK10;GASOIL;29694;51;0;29643;408
13/11/2021;MOHELI TANK11;GASOIL;77051;8146;0;68905;409
13/11/2021;MOHELI TANK12;ESSENCE;49102;31;0;49071;410
13/11/2021;MOHELI TANK13;GASOIL;48407;-12;0;48419;411
13/11/2021;MOHELI TANK14;GASOIL;46743;8;0;46735;412
13/11/2021;AEROPORT T305;JET A1;4327;0;20228;24555;413
13/11/2021;AEROPORT T306;JET A1;8067;0;27873;35940;414
13/11/2021;AEROPORT T307;JET A1;25055;0;19835;44890;415
13/11/2021;AEROPORT T308;JET A1;19881;5194;0;14687;416
14/11/2021;MORONI T101;GASOIL;83808;-34;0;83842;417
14/11/2021;MORONI T102;GASOIL;410194;-57;0;410251;418
14/11/2021;MORONI T103;GASOIL;754237;176;0;754061;419
14/11/2021;MORONI T104;ESSENCE;929567;149;0;929418;420
14/11/2021;MORONI T106;JET A1;246404;35;0;246369;421
14/11/2021;MORONI T107;JET A1;47796;0;0;47796;422
14/11/2021;ANJOUAN T03;PETROLE;4289;0;0;4289;423
14/11/2021;ANJOUAN T05;PETROLE;9794;83;0;9711;424
14/11/2021;ANJOUAN T06;PETROLE;12514;7;0;12507;425
14/11/2021;ANJOUAN T07;ESSENCE;485738;97;0;485641;426
14/11/2021;ANJOUAN T08;ESSENCE;610866;316;0;610550;427
14/11/2021;ANJOUAN T09;GASOIL;1218946;146;0;1218800;428
14/11/2021;ANJOUAN T10;PETROLE;531583;23;0;531560;429
14/11/2021;ANJOUAN T11;GASOIL;955000;-125;0;955125;430
14/11/2021;MOHELI TANK1;ESSENCE;48878;16;0;48862;431
14/11/2021;MOHELI TANK2;ESSENCE;21148;10;0;21138;432
14/11/2021;MOHELI TANK3;ESSENCE;2897;-12;0;2909;433
14/11/2021;MOHELI TANK4;ESSENCE;7444;7;0;7437;434
14/11/2021;MOHELI TANK5;Petrole ;43597;70;0;43527;435
14/11/2021;MOHELI TANK6;PETROLE;43540;24;0;43516;436
14/11/2021;MOHELI TANK7;PETROLE;20471;78;0;20393;437
14/11/2021;MOHELI TANK8;PETROLE;14476;19;0;14457;438
14/11/2021;MOHELI TANK9;PETROLE;11071;-23;0;11094;439
14/11/2021;MOHELI TANK10;GASOIL;29643;11;0;29632;440
14/11/2021;MOHELI TANK11;GASOIL;68905;66;0;68839;441
14/11/2021;MOHELI TANK12;ESSENCE;49071;-52;0;49123;442
14/11/2021;MOHELI TANK13;GASOIL;48419;16;0;48403;443
14/11/2021;MOHELI TANK14;GASOIL;46735;-34;0;46769;444
14/11/2021;AEROPORT T305;JET A1;24555;20958;0;3597;445
14/11/2021;AEROPORT T306;JET A1;35940;27839;0;8101;446
14/11/2021;AEROPORT T307;JET A1;44890;40018;0;4872;447
14/11/2021;AEROPORT T308;JET A1;14687;0;84892;99579;448
15/11/2021;MORONI T101;GASOIL;83842;-102;0;83944;449
15/11/2021;MORONI T102;GASOIL;410251;-90;0;410341;450
15/11/2021;MORONI T103;GASOIL;754061;158841;0;595220;451
15/11/2021;MORONI T104;ESSENCE;929418;39306;0;890112;452
15/11/2021;MORONI T106;JET A1;246369;67791;0;178578;453
15/11/2021;MORONI T107;JET A1;47796;0;0;47796;454
15/11/2021;ANJOUAN T03;PETROLE;4289;3;0;4286;455
15/11/2021;ANJOUAN T05;PETROLE;9711;51;0;9660;456
15/11/2021;ANJOUAN T06;PETROLE;12507;0;0;12507;457
15/11/2021;ANJOUAN T07;ESSENCE;485641;261;0;485380;458
15/11/2021;ANJOUAN T08;ESSENCE;610550;8050;0;602500;459
15/11/2021;ANJOUAN T09;GASOIL;1218800;7161;0;1211639;460
15/11/2021;ANJOUAN T10;PETROLE;531560;50218;0;481342;461
15/11/2021;ANJOUAN T11;GASOIL;955125;27393;0;927732;462
15/11/2021;MOHELI TANK1;ESSENCE;48862;-29;0;48891;463
15/11/2021;MOHELI TANK2;ESSENCE;21138;7392;0;13746;464
15/11/2021;MOHELI TANK3;ESSENCE;2909;2104;0;805;465
15/11/2021;MOHELI TANK4;ESSENCE;7437;4622;0;2815;466
15/11/2021;MOHELI TANK5;Petrole ;43527;27;0;43500;467
15/11/2021;MOHELI TANK6;PETROLE;43516;-10;0;43526;468
15/11/2021;MOHELI TANK7;PETROLE;20393;12880;0;7513;469
15/11/2021;MOHELI TANK8;PETROLE;14457;-19;0;14476;470
15/11/2021;MOHELI TANK9;PETROLE;11094;-9;0;11103;471
15/11/2021;MOHELI TANK10;GASOIL;29632;-7;0;29639;472
15/11/2021;MOHELI TANK11;GASOIL;68839;16356;0;52483;473
15/11/2021;MOHELI TANK12;ESSENCE;49123;108;0;49015;474
15/11/2021;MOHELI TANK13;GASOIL;48403;-21;0;48424;475
15/11/2021;MOHELI TANK14;GASOIL;46769;26;0;46743;476
15/11/2021;AEROPORT T305;JET A1;3597;-51;0;3648;477
15/11/2021;AEROPORT T306;JET A1;8101;45;33971;42027;478
15/11/2021;AEROPORT T307;JET A1;4872;30;34196;39038;479
15/11/2021;AEROPORT T308;JET A1;99579;4785;0;94794;480
16/11/2021;MORONI T101;GASOIL;83944;34;0;83910;481
16/11/2021;MORONI T102;GASOIL;410341;113;0;410228;482
16/11/2021;MORONI T103;GASOIL;595220;139842;0;455378;483
16/11/2021;MORONI T104;ESSENCE;890112;44316;0;845796;484
16/11/2021;MORONI T106;JET A1;178578;99430;0;79148;485
16/11/2021;MORONI T107;JET A1;47796;0;0;47796;486
16/11/2021;ANJOUAN T03;PETROLE;4286;3;0;4283;487
16/11/2021;ANJOUAN T05;PETROLE;9660;-25;0;9685;488
16/11/2021;ANJOUAN T06;PETROLE;12507;0;0;12507;489
16/11/2021;ANJOUAN T07;ESSENCE;485380;442;0;484938;490
16/11/2021;ANJOUAN T08;ESSENCE;602500;49219;0;553281;491
16/11/2021;ANJOUAN T09;GASOIL;1211639;6530;0;1205109;492
16/11/2021;ANJOUAN T10;PETROLE;481342;46699;0;434643;493
16/11/2021;ANJOUAN T11;GASOIL;927732;26146;0;901586;494
16/11/2021;MOHELI TANK1;ESSENCE;48891;-9;0;48900;495
16/11/2021;MOHELI TANK2;ESSENCE;13746;5039;0;8707;496
16/11/2021;MOHELI TANK3;ESSENCE;805;-805;0;1610;497
16/11/2021;MOHELI TANK4;ESSENCE;2815;11;0;2804;498
16/11/2021;MOHELI TANK5;Petrole ;43500;-22;0;43522;499
16/11/2021;MOHELI TANK6;PETROLE;43526;-1;0;43527;500
16/11/2021;MOHELI TANK7;PETROLE;7513;5585;0;1928;501
16/11/2021;MOHELI TANK8;PETROLE;14476;2445;0;12031;502
16/11/2021;MOHELI TANK9;PETROLE;11103;101;0;11002;503
16/11/2021;MOHELI TANK10;GASOIL;29639;-4;0;29643;504
16/11/2021;MOHELI TANK11;GASOIL;52483;4850;0;47633;505
16/11/2021;MOHELI TANK12;ESSENCE;49015;36;0;48979;506
16/11/2021;MOHELI TANK13;GASOIL;48424;26;0;48398;507
16/11/2021;MOHELI TANK14;GASOIL;46743;-14;0;46757;508
16/11/2021;AEROPORT T305;JET A1;3648;994;33034;35688;509
16/11/2021;AEROPORT T306;JET A1;42027;35;0;41992;510
16/11/2021;AEROPORT T307;JET A1;39038;6938;13664;45764;511
16/11/2021;AEROPORT T308;JET A1;94794;0;13972;108766;512
